ds,yhat,yhat_log,trend,weekly,daily,yearly,temperatur (C),effektiv_temperatur (C),nedbør (mm),vind (m/s),seasonality,effect_trend,effect_seasonality,effect_weather
2026-10-04 12:00:00,102,4.635515672631023,-4.36559435810919,-0.3017107289180352,1.2706888151017905,7.993166235837069,11.333333333333334,11.333333333333334,0.7,4.2,8.962144322020825,-1,99,4
2026-10-04 15:00:00,97,4.587703766537405,-4.365637003059126,-0.25672078220942635,1.148327766052693,7.992630181621232,12.0,12.0,0.6000000000000001,2.533333333333333,8.884237165464498,-1,92,6
2026-10-04 18:00:00,56,4.03884633756669,-4.3656796480090625,-0.20561762446170442,0.5907840604309524,7.992088858545429,11.9,11.9,0.9,3.3000000000000003,8.377255294514677,-1,55,2
2026-10-04 21:00:00,13,2.663904889112188,-4.365722292958998,-0.15085572974452757,-0.9484873874845742,7.991542165815912,11.6,11.6,0.0,4.533333333333334,6.892199048586811,-1,12,2
2026-10-05 00:00:00,1,0.40637552695018364,-4.365764937908935,-0.0950311523925963,-3.241643751819505,7.990990003706851,10.833333333333334,10.833333333333334,0.0,3.6666666666666665,4.654315099494749,-1,1,1
2026-10-05 03:00:00,27,3.323402737134959,-4.365807582858872,-0.04069864550131929,-0.3234237502786063,7.990432273571245,10.733333333333334,10.733333333333334,0.4,3.5666666666666664,7.62630987779132,-1,26,2
2026-10-05 06:00:00,60,4.107195136809451,-4.365850227808807,0.00980652077206434,0.7332007086272281,7.989868877858899,10.4,10.4,2.8,3.1333333333333333,8.73287610725819,-1,79,-18
2026-10-05 09:00:00,89,4.501396911118451,-4.365892872758743,0.05452651131296075,0.7705535393503001,7.98929972013756,11.366666666666667,11.366666666666667,0.6,2.966666666666667,8.814379770800821,-1,85,5
2026-10-05 12:00:00,177,5.182571814807103,-4.36593551770868,0.0920050801977439,1.2706888151033822,7.9887247051041665,13.933333333333332,13.933333333333332,0.0,5.333333333333333,9.351418600405292,-1,146,32
2026-10-05 15:00:00,159,5.075313013455511,-4.3659781626586165,0.1213676475944897,1.148327766060736,7.988143738605813,13.4,13.4,0.0,10.1,9.257839152261038,-1,133,27
2026-10-05 18:00:00,74,4.314777326436087,-4.366020807608552,0.14235129388348758,0.5907840604360943,7.987556727650653,11.833333333333334,11.833333333333334,1.4,11.266666666666666,8.720692081970235,-1,78,-3
2026-10-05 21:00:00,14,2.684023165145126,-4.366063452558489,0.15528347885588623,-0.9484873874435444,7.98696358043401,9.933333333333334,6.23842939064646,1.1,9.4,7.193759671846351,-1,17,-2
2026-10-06 00:00:00,0,0.32996695392412434,-4.366106097508426,0.16101314757358137,-3.241643751816786,7.986364206343547,9.666666666666666,5.705770788902272,1.5,10.233333333333333,4.905733602100343,-1,2,-1
2026-10-06 03:00:00,27,3.3271730576505796,-4.366148742458361,0.16080227949502796,-0.3234237502553509,7.985758515984691,9.366666666666667,5.244319638620877,0.8,10.533333333333331,7.823137045224368,-1,32,-4
2026-10-06 06:00:00,75,4.328586697142888,-4.366191387408297,0.15618942814917816,0.7332007086168654,7.985146421191433,9.533333333333331,5.851184457539276,1.3,8.8,8.874536557957477,-1,91,-15
2026-10-06 09:00:00,98,4.592916176659411,-4.366234032358234,0.14883904083050645,0.7705535393356763,7.984527835043738,10.433333333333332,10.433333333333332,0.4,6.099999999999999,8.903920415209921,-1,93,6
2026-10-06 12:00:00,129,4.86934981120037,-4.3662766773081705,0.14039113476049367,1.270688815104974,7.983902671886252,10.233333333333333,10.233333333333333,2.0,6.733333333333333,9.39498262175172,-1,153,-23
2026-10-06 15:00:00,106,4.668736055242776,-4.366319322258106,0.1323251897642376,1.148327766051644,7.983270847336853,9.7,7.514699047243839,2.0,4.233333333333333,9.263923803152736,-1,134,-27
2026-10-06 18:00:00,77,4.351307358724884,-4.366361967208042,0.1258500113999846,0.5907840604421463,7.9826322783120975,8.9,6.944911476326122,0.0,3.4,8.699266350154229,-1,76,2
2026-10-06 21:00:00,15,2.7702339033327403,-4.366404612157979,0.12182808384357197,-0.9484873874430837,7.98198688303511,7.95,5.494237251102014,0.0,3.95,7.155327579435598,-1,16,0
2026-10-07 00:00:00,0,0.24200613802971027,-4.366447257107915,0.1207389467331612,-3.24164375182299,7.981334581053363,7.0,4.050793478761916,1.5,4.5,4.860429775963534,-1,2,-1
2026-10-07 03:00:00,28,3.350572672023379,-4.366489902057851,0.12268184646795932,-0.32342375029717796,7.980675293256042,6.65,3.766283532192955,0.0,4.2,7.779933389426824,-1,30,-1
2026-10-07 06:00:00,81,4.404307908509482,-4.366532547007788,0.12741380475505643,0.7332007086220059,7.980008941884156,6.3,3.4959471521658494,0.0,3.9,8.840623455261218,-1,88,-6
2026-10-07 09:00:00,90,4.508208588742188,-4.3665751919577245,0.13441576007937017,0.7705535393446006,7.979335450551061,8.0,5.852802558670798,0.0,3.4,8.884304749975032,-1,92,-1
2026-10-07 12:00:00,134,4.905948188074,-4.36661783690766,0.14297693653437699,1.2706888151065656,7.978654744254719,9.7,8.197948358218612,1.3,2.9,9.392320495895662,-1,152,-17
2026-10-07 15:00:00,139,4.941459280964779,-4.366660481857597,0.1522863256526801,1.1483277660654325,7.977966749392189,8.6,7.3804396882938565,0.0,2.2,9.278580841110301,-1,136,4
2026-10-07 18:00:00,79,4.377171405119283,-4.366703126807533,0.16152023218672418,0.5907840604481982,7.977271393772769,7.5,6.7843984382485605,0.0,1.5,8.729575686407692,-1,78,2
2026-10-07 21:00:00,16,2.8309138893047567,-4.366745771757469,0.1699161818394126,-0.948487387466172,7.976568606634664,7.05,6.2119597846368055,0.0,1.55,7.197997401007904,-1,17,0
2026-10-08 00:00:00,0,0.30669194130946487,-4.366788416707406,0.1768259193081649,-3.2416437518202708,7.975858318660889,6.6,5.638675133071313,1.7,1.6,4.911040486148783,-1,2,-1
2026-10-08 03:00:00,30,3.4457717160309738,-4.366831061657342,0.18174341901312704,-0.3234237502968034,7.9751404619851165,6.4,5.4094351995680485,0.0,1.6,7.83346013070144,-1,32,-1
2026-10-08 06:00:00,89,4.4983306085268655,-4.366873706607278,0.18430738574741662,0.7332007086116432,7.974414970214698,6.2,5.18019526606478,0.0,1.6,8.891923064573758,-1,92,-2
2026-10-08 09:00:00,94,4.557077521314956,-4.366916351557214,0.18428119986576053,0.7705535393373554,7.973681778438772,7.1,6.04828764343093,0.0,1.75,8.928516517641889,-1,96,-1
2026-10-08 12:00:00,127,4.853923654507215,-4.366958996507151,0.18151623870448777,1.2706888151024875,7.9729408232425305,8.0,6.940921060002581,1.7,1.9,9.425145877049506,-1,157,-29
2026-10-08 15:00:00,137,4.926009643826632,-4.367001641457087,0.175906624646096,1.1483277660734756,7.97219204272089,7.35,6.091601971867375,0.0,2.0,9.29642643344046,-1,138,0
2026-10-08 18:00:00,76,4.337343411558924,-4.367044286407023,0.16734445855198515,0.5907840604533401,7.971435376492836,6.7,5.240524660452757,0.0,2.1,8.729563895498162,-1,78,-1
2026-10-08 21:00:00,15,2.7665007810516276,-4.367086931356959,0.15568437836876906,-0.9484873874892603,7.970670765705191,5.800000000000001,4.493370873940446,0.0,1.8,7.1778677565847,-1,17,-1
2026-10-09 00:00:00,1,0.4403087235708014,-4.367129576306896,0.14072486806772566,-3.241643751817552,7.969898153061345,4.9,3.8182939689903126,0.0,1.5,4.868979269311518,-1,2,0
2026-10-09 03:00:00,26,3.312199459925015,-4.367172221256832,0.12221130785429063,-0.32342375027354814,7.969117482815662,4.2,2.7626182923779155,0.0,1.7,7.767905040396404,-1,30,-3
2026-10-09 06:00:00,74,4.318913654342558,-4.367214866206768,0.09986260282501631,0.7332007086341109,7.968328700796479,3.5,1.7171995305209524,0.0,1.9,8.801392012255606,-1,84,-9
2026-10-09 09:00:00,79,4.380002553577798,-4.367257511156705,0.07341974293440949,0.77055353934628,7.967531754417731,5.8,3.7125400982248427,0.0,2.65,8.81150503669842,-1,85,-5
2026-10-09 12:00:00,134,4.90640820773784,-4.367300156106641,0.04271126477601737,1.2706888151040792,7.966726592677967,8.1,5.974147993965837,0.0,3.4,9.280126672558064,-1,136,-1
2026-10-09 15:00:00,113,4.731899969247336,-4.367342801056577,0.007727730701180665,1.1483277660643836,7.965913166186058,7.55,5.336356385167403,0.0,3.35,9.121968662951623,-1,116,-2
2026-10-09 18:00:00,60,4.118201165358264,-4.367385446006513,-0.031304618539179374,0.5907840604265616,7.9650914271669855,7.0,4.700489733284336,0.0,3.3,8.524570869054369,-1,64,-3
2026-10-09 21:00:00,12,2.539388322881295,-4.36742809095645,-0.07386167763383687,-0.9484873874482305,7.964261329465031,7.1,4.852565813854577,0.0,3.25,6.941912264382964,-1,13,0
2026-10-10 00:00:00,0,0.20402291772186842,-4.367470735906386,-0.11908089604620238,-3.2416437518237564,7.9634228285625825,7.2,5.0047559527023395,0.0,3.2,4.602698180692624,-1,1,0
2026-10-10 03:00:00,21,3.073381605428265,-4.367513380856322,-0.16575065988524706,-0.32342375031537507,7.962575881586238,7.050000000000001,4.953836214122852,0.0,3.0,7.473401471385616,-1,22,0
2026-10-10 06:00:00,58,4.081461132293156,-4.367556025806258,-0.21233509771182926,0.7332007086237484,7.961720447314645,6.9,4.912285032080249,0.0,2.8,8.482586058226564,-1,61,-2
2026-10-10 09:00:00,60,4.111634385365807,-4.367598670756195,-0.25703606298810666,0.7705535393552047,7.960856486191014,8.100000000000001,6.415208580909376,0.0,2.7,8.474373962558111,-1,61,0
2026-10-10 12:00:00,99,4.608276450572327,-4.367641315706131,-0.2978899260569011,1.2706888151061433,7.959983960326144,9.3,7.9121807286043975,0.0,2.6,8.932782849375386,-1,96,4
2026-10-10 15:00:00,83,4.427195796451044,-4.367683960656067,-0.3328927361492985,1.1483277660552913,7.959102833509572,8.55,7.020742793826065,0.0,2.6,8.774537863415565,-1,82,2
2026-10-10 18:00:00,45,3.8186756435047906,-4.367726605606003,-0.3601437530214436,0.5907840604326137,7.958213071219604,7.8,6.1293048590477355,0.0,2.6,8.188853378630775,-1,46,0
2026-10-10 21:00:00,9,2.251437534534441,-4.3677692505559405,-0.37799471552866365,-0.9484873874713186,7.95731464062554,7.3,5.770484227087894,0.0,2.3,6.630832537625558,-1,10,0
2026-10-11 00:00:00,0,-0.05804116183252361,-4.367811895505876,-0.38519083324346354,-3.2416437518215093,7.9564075105984395,6.8,5.450702681743225,0.0,2.0,4.3295729255334665,-1,1,0
2026-10-11 03:00:00,16,2.8440551154685574,-4.367854540455812,-0.38098954744343494,-0.3234237502921197,7.955491651714923,6.15,4.693276247960141,0.0,2.0,7.251078353979368,-1,18,-1
2026-10-11 06:00:00,48,3.8960907106968605,-4.367897185405749,-0.36524464453714134,0.733200708628889,7.954567036260749,5.5,3.9358498141770526,0.0,2.0,8.322523100352496,-1,52,-3
2026-10-11 09:00:00,55,4.024833871019273,-4.367939830355685,-0.3384461920350527,0.7705535393479592,7.953633638244834,7.85,6.500219213966445,0.0,2.2,8.38574098555774,-1,56,0
